{
  "job_id": "test",
  "results": [
    {
      "lr": 2e-05,
      "batch_size": 8,
      "epochs": 5,
      "macro_f1": 0.8152005166214167
    }
  ],
  "best": {
    "lr": 2e-05,
    "batch_size": 8,
    "epochs": 5,
    "macro_f1": 0.8152005166214167
  }
}