{
  "job_id": "lr2e-5_bs8_ep3",
  "results": [
    {
      "lr": 2e-05,
      "batch_size": 8,
      "epochs": 3,
      "macro_f1": 0.7385022476959573
    }
  ],
  "best": {
    "lr": 2e-05,
    "batch_size": 8,
    "epochs": 3,
    "macro_f1": 0.7385022476959573
  }
}