{
  "job_id": "lr3e-5_bs8_ep4",
  "results": [
    {
      "lr": 3e-05,
      "batch_size": 8,
      "epochs": 4,
      "macro_f1": 0.8249784800452273
    }
  ],
  "best": {
    "lr": 3e-05,
    "batch_size": 8,
    "epochs": 4,
    "macro_f1": 0.8249784800452273
  }
}